AFT_reference,sample_id,borehole,long,lat,x_swiss_grid,y_swiss_grid,elevation,depth,depth_min,depth_max,location,outcrop_or_borehole,lithology,tectonic_unit,stratigraphic_unit,stratigraphic_age_min,stratigraphic_age_max,include_in_compilation,AFT_central_age,AFT_central_age_stdev,AFT_central_age_95ci_min,AFT_central_age_95ci_plus,AFT_n_grains,AFT_Dpar,AFT_Dper,AFT_age_dispersion_perc,AFT_P_chi_sq,P_X2,AFT_reset,AFT_resetting_depth,,,AFT_mean_track_length,AFT_track_length_stderr,AFT_track_length_stdev,N ap TL,ZFT_age,ZFT_age_stdev,ZFT_n_grains,ZFT_reference,AHe_mean age,AHe_mean age_error_perc,Ahe_reset,AHe_reference
Cederbom2004,B1,Boswil,8.251404,47.260486,661515.72437,234715.851174,,57,,,,borehole,,,OSM,17.25,13,y,29.8,,3.6,3.6,25,,,,,0,n,,,,,,,,,,,,,,,
Cederbom2004,B158,Boswil,8.251404,47.260486,661515.72437,234715.851174,,840,,,,borehole,,,USM,28.4,20.43,y,27.4,,3.6,3.6,20,,,,,0,n,,,,,,,,,,,,,,,
Cederbom2004,B159,Boswil,8.251404,47.260486,661515.72437,234715.851174,,1275,,,,borehole,,,USM,28.4,20.43,y,26.9,,2.5,2.5,26,,,,,0,n,,,,,,,,,,,,,,,
Cederbom2004,B3,Boswil,8.251404,47.260486,661515.72437,234715.851174,,492,,,,borehole,,,USM,28.4,20.43,y,33.3,,4.8,4.8,25,,,,,0,n,,,,,,,,,,,,,,,
Cederbom2004,B5,Boswil,8.251404,47.260486,661515.72437,234715.851174,,850,,,,borehole,,,USM,28.4,20.43,y,28.6,,2.8,2.8,25,,,,,27,n,,,,,,,,,,,,,,,
Cederbom2004,B6,Boswil,8.251404,47.260486,661515.72437,234715.851174,,1092,,,,borehole,,,USM,28.4,20.43,y,21.6,,2,2,25,,,,,17,n,,,,,,,,,,,,,,,
Cederbom2004,B7,Boswil,8.251404,47.260486,661515.72437,234715.851174,,1312,,,,borehole,,,USM,28.4,20.43,y,23,,2,2,25,,,,,86,n,,,,,,,,,,,,,,,
Cederbom2004,B8,Boswil,8.251404,47.260486,661515.72437,234715.851174,,1507,,,,borehole,,,USM,28.4,20.43,y,23.4,,2.6,2.6,25,,,,,0,n,,,,,,,,,,,,,,,
Cederbom2004,B9,Boswil,8.251404,47.260486,661515.72437,234715.851174,,1817,,,,borehole,,,USM,28.4,20.43,y,14.7,,1.9,1.9,30,,,,,0,y,,,,,,,,,,,,,,,
Cederbom2004,H10,Huenenberg,8.4358552701,47.1693289933,675604.17965,224743.0695,,1995,,,,borehole,,,USM,28.4,20.43,y,9.5,,1.1,1.1,30,,,,,21,y,,,,,,,,,,,,,,,
Cederbom2004,H161,Huenenberg,8.4358552701,47.1693289933,675604.17965,224743.0695,,1100,,,,borehole,,,OMM,19,17.25,y,23.7,,3.2,3.2,18,,,,,0,n,,,,,,,,,,,,,,,
Cederbom2004,H163,Huenenberg,8.4358552701,47.1693289933,675604.17965,224743.0695,,2388,,,,borehole,,,USM,28.4,20.43,y,3.6,,0.5,0.5,20,,,,,5,y,,,,,,,,,,,,,,,
Cederbom2004,H3,Huenenberg,8.4358552701,47.1693289933,675604.17965,224743.0695,,435,,,,borehole,,,OMM,19,17.25,y,23.8,,1.9,1.9,25,,,,,14,n,,,,,,,,,,,,,,,
Cederbom2004,H5,Huenenberg,8.4358552701,47.1693289933,675604.17965,224743.0695,,875,,,,borehole,,,OMM,19,17.25,y,27.7,,2.8,2.8,25,,,,,0,n,,,,,,,,,,,,,,,
Cederbom2004,H7,Huenenberg,8.4358552701,47.1693289933,675604.17965,224743.0695,,1320,,,,borehole,,,OMM,19,17.25,y,30.4,,4.2,4.2,25,,,,,0,n,,,,,,,,,,,,,,,
Cederbom2004,H8,Huenenberg,8.4358552701,47.1693289933,675604.17965,224743.0695,,1550,,,,borehole,,,USM,28.4,20.43,y,20.2,,2.5,2.5,26,,,,,16,y,,,,,,,,,,,,,,,
Cederbom2004,H9,Huenenberg,8.4358552701,47.1693289933,675604.17965,224743.0695,,1807,,,,borehole,,,USM,28.4,20.43,y,18.4,,1.9,1.9,30,,,,,18,y,,,,,,,,,,,,,,,
Cederbom2004,R170,Rigi,8.4262661127,47.0343441935,675066.069574,209728.250507,,660,,,,outcrop,,,USM,28.4,20.43,y,29.3,,4.5,4.5,40,,,,,0,n,,,,,,,,,,,,,,,
Cederbom2004,R172,Rigi,8.4262661127,47.0343441935,675066.069574,209728.250507,,1380,,,,outcrop,,,USM,28.4,20.43,y,26.4,,3.6,3.6,23,,,,,0,n,,,,,,,,,,,,,,,
Cederbom2004,R174,Rigi,8.4262661127,47.0343441935,675066.069574,209728.250507,,2000,,,,outcrop,,,USM,28.4,20.43,y,15.8,,3.3,3.3,24,,,,,0,y,,,,,,,,,,,,,,,
Cederbom2004,W137,Weggis,8.4262661127,47.0343441935,675066.069574,209728.250507,,620,,,,borehole,,,USM,28.4,20.43,y,4.8,,1.1,1.1,8,,,,,77,y,,,,,,,,,,,,,,,
Cederbom2004,W138,Weggis,8.4262661127,47.0343441935,675066.069574,209728.250507,,1485,,,,borehole,,,USM,28.4,20.43,y,7.8,,0.9,0.9,40,,,,,0,y,,,,,,,,,,,,,,,
Cederbom2004,W139,Weggis,8.4262661127,47.0343441935,675066.069574,209728.250507,,2135,,,,borehole,,,USM,28.4,20.43,y,4.7,,0.6,0.6,29,,,,,2,y,,,,,,,,,,,,,,,
Cederbom2011,A1190,Altishofen,7.9725399901,47.2042293187,640452.57645,228280.507203,,1190,,,,borehole,,,USM,28.4,20.43,y,30.8,,6.3,7.9,60,,,,,0,n,,,,,,,,,,,,,,,
Cederbom2011,A1281,Altishofen,7.9725399901,47.2042293187,640452.57645,228280.507203,,1281,,,,borehole,,,USM,28.4,20.43,y,31.2,,3.3,3.5,60,,,,,0,n,,,,,,,,,,,,,,,
Cederbom2011,A193,Altishofen,7.9725399901,47.2042293187,640452.57645,228280.507203,,193,,,,borehole,,,OMM,19,17.25,y,33,,6.3,7.8,20,,,,,0,n,,,,,,,,,,,,,,,
Cederbom2011,A956,Altishofen,7.9725399901,47.2042293187,640452.57645,228280.507203,,956,,,,borehole,,,USM,28.4,20.43,y,24.8,,2.7,3,49,,,,,0,n,,,,,,,,,,,,,,,
Cederbom2011,B9rec,Boswil,8.251404,47.260486,661515.72437,234715.851174,,1817,,,,borehole,,,USM,28.4,20.43,y,12.7,,2.9,3.7,45,,,,,0,y,,,,,,,,,,,,,,,
Cederbom2011,Ch1,Chapelle,6.7509513394,46.6656764733,547371.567538,168503.326326,,296,,,,borehole,,,USM,28.4,20.43,y,30.9,,8.1,10.9,22,,,,,0,n,,,,,,,,,,,,,,,
Cederbom2011,Ch2,Chapelle,6.7509513394,46.6656764733,547371.567538,168503.326326,,517,,,,borehole,,,USM,28.4,20.43,y,26.4,,4.5,5.4,8,,,,,77,n,,,,,,,,,,,,,,,
Cederbom2011,Ch3,Chapelle,6.7509513394,46.6656764733,547371.567538,168503.326326,,667,,,,borehole,,,USM,28.4,20.43,y,28.3,,3.5,4,20,,,,,33,n,,,,,,,,,,,,,,,
Cederbom2011,Ch4,Chapelle,6.7509513394,46.6656764733,547371.567538,168503.326326,,1041,,,,borehole,,,USM,28.4,20.43,y,29.9,,7.4,9.8,5,,,,,82,n,,,,,,,,,,,,,,,
Cederbom2011,Ch5,Chapelle,6.7509513394,46.6656764733,547371.567538,168503.326326,,1201,,,,borehole,,,USM,28.4,20.43,y,27,,4,4.7,33,,,,,2,n,,,,,,,,,,,,,,,
Cederbom2011,Ch6,Chapelle,6.7509513394,46.6656764733,547371.567538,168503.326326,,1336,,,,borehole,,,USM,28.4,20.43,y,21.4,,4.7,6.1,13,,,,,22,n,,,,,,,,,,,,,,,
Cederbom2011,E20,Entlebuch,8.1126139732,46.9760946453,651282.964116,203000.452677,,1000,,,,borehole,,,USM,28.4,20.43,y,25.5,,4.7,5.8,60,,,,,0,n,,,,,,,,,,,,,,,
Cederbom2011,E2-1,Entlebuch,8.1126139732,46.9760946453,651282.964116,203000.452677,,2430,,,,borehole,,,USM,28.4,20.43,y,4.3,,1.1,1.6,24,,,,,69,y,,,,,,,,,,,,,,,
Cederbom2011,E2-2,Entlebuch,8.1126139732,46.9760946453,651282.964116,203000.452677,,2710,,,,borehole,,,USM,28.4,20.43,y,3,,1,1.6,12,,,,,83,y,,,,,,,,,,,,,,,
Cederbom2011,E26,Entlebuch,8.1126139732,46.9760946453,651282.964116,203000.452677,,1300,,,,borehole,,,USM,28.4,20.43,y,24.5,,3.9,4.7,60,,,,,0,n,,,,,,,,,,,,,,,
Cederbom2011,E32,Entlebuch,8.1126139732,46.9760946453,651282.964116,203000.452677,,1600,,,,borehole,,,USM,28.4,20.43,y,20.8,,2.9,3.4,60,,,,,0,n,,,,,,,,,,,,,,,
Cederbom2011,E36,Entlebuch,8.1126139732,46.9760946453,651282.964116,203000.452677,,1800,,,,borehole,,,USM,28.4,20.43,y,11.5,,2.6,3.3,60,,,,,0,y,,,,,,,,,,,,,,,
Cederbom2011,E42,Entlebuch,8.1126139732,46.9760946453,651282.964116,203000.452677,,2100,,,,borehole,,,USM,28.4,20.43,y,15.6,,3.6,4.7,55,,,,,0,y,,,,,,,,,,,,,,,
Cederbom2011,E8,Entlebuch,8.1126139732,46.9760946453,651282.964116,203000.452677,,395,,,,borehole,,,USM,28.4,20.43,y,24.2,,4.5,5.5,49,,,,,0,n,,,,,,,,,,,,,,,
Cederbom2011,H10rec,Huenenberg,8.4358552701,47.1693289933,675604.17965,224743.0695,,1995,,,,borehole,,,USM,28.4,20.43,y,4.6,,1.2,1.6,59,,,,,0.4,y,,,,,,,,,,,,,,,
Cederbom2011,La10,Lindau,8.6702652158,47.4415012119,692899.567907,255251.814818,,2374,,,,borehole,,,Kimmeridgian,155.7,150.8,y,3.2,,0.7,0.9,30,,,,,1,y,,,,,,,,,,,,,,,
Cederbom2011,La2,Lindau,8.6702652158,47.4415012119,692899.567907,255251.814818,,360,,,,borehole,,,OSM,17.25,13,y,40.5,,11.1,15.2,26,,,,,0,n,,,,,,,,,,,,,,,
Cederbom2011,La3,Lindau,8.6702652158,47.4415012119,692899.567907,255251.814818,,610,,,,borehole,,,OMM,19,17.25,y,29,,5.4,6.6,44,,,,,0,n,,,,,,,,,,,,,,,
Cederbom2011,La5,Lindau,8.6702652158,47.4415012119,692899.567907,255251.814818,,1085,,,,borehole,,,USM,28.4,20.43,y,23.1,,2.6,2.9,57,,,,,0,n,,,,,,,,,,,,,,,
Cederbom2011,La6,Lindau,8.6702652158,47.4415012119,692899.567907,255251.814818,,1310,,,,borehole,,,USM,28.4,20.43,y,20.3,,3.6,4.3,49,,,,,0,y,,,,,,,,,,,,,,,
Cederbom2011,La8,Lindau,8.6702652158,47.4415012119,692899.567907,255251.814818,,1625,,,,borehole,,,USM,28.4,20.43,y,13.8,,2.3,2.7,60,,,,,0,y,,,,,,,,,,,,,,,
Cederbom2011,LE2,Linden,7.6722075464,46.8493138144,617814.636735,188712.739751,,607,,,,borehole,,,OMM,19,17.25,y,26.8,,4,4.8,40,,,,,0,n,,,,,,,,,,,,,,,
Cederbom2011,LE3,Linden,7.6722075464,46.8493138144,617814.636735,188712.739751,,955,,,,borehole,,,USM,28.4,20.43,y,26.9,,3.4,3.9,40,,,,,1,n,,,,,,,,,,,,,,,
Cederbom2011,LE4,Linden,7.6722075464,46.8493138144,617814.636735,188712.739751,,1288,,,,borehole,,,USM,28.4,20.43,y,33.5,,4.5,5.2,41,,,,,0,n,,,,,,,,,,,,,,,
Cederbom2011,LE5,Linden,7.6722075464,46.8493138144,617814.636735,188712.739751,,1687,,,,borehole,,,USM,28.4,20.43,y,25.1,,3.4,3.9,41,,,,,0,n,,,,,,,,,,,,,,,
Cederbom2011,LE6,Linden,7.6722075464,46.8493138144,617814.636735,188712.739751,,1977,,,,borehole,,,USM,28.4,20.43,y,19.6,,2.8,3.3,37,,,,,0,y,,,,,,,,,,,,,,,
Cederbom2011,LE7,Linden,7.6722075464,46.8493138144,617814.636735,188712.739751,,2329,,,,borehole,,,USM,28.4,20.43,y,9.2,,2.2,2.8,21,,,,,16,y,,,,,,,,,,,,,,,
Cederbom2011,R3,Romanens,6.9716392751,46.6585020829,564255.734962,167581.216243,,762,,,,borehole,,,USM,28.4,20.43,y,33.1,,9.5,13.2,32,,,,,0,n,,,,,,,,,,,,,,,
Cederbom2011,R4,Romanens,6.9716392751,46.6585020829,564255.734962,167581.216243,,1107,,,,borehole,,,USM,28.4,20.43,y,35.7,,9.6,13.2,20,,,,,0,n,,,,,,,,,,,,,,,
Cederbom2011,R5,Romanens,6.9716392751,46.6585020829,564255.734962,167581.216243,,1346,,,,borehole,,,USM,28.4,20.43,y,27.7,,8,11.1,25,,,,,0,n,,,,,,,,,,,,,,,
Cederbom2011,R6,Romanens,6.9716392751,46.6585020829,564255.734962,167581.216243,,1790,,,,borehole,,,USM,28.4,20.43,y,16,,3.5,4.4,32,,,,,0,y,,,,,,,,,,,,,,,
Cederbom2011,R7,Romanens,6.9716392751,46.6585020829,564255.734962,167581.216243,,2100,,,,borehole,,,USM,28.4,20.43,y,10.2,,2.8,3.9,19,,,,,0,y,,,,,,,,,,,,,,,
Cederbom2011,Sa10,Savigny,6.738949879,46.54821,546336.432499,155453.700512,,1980,,,,borehole,,,USM,28.4,20.43,y,10.5,,2.7,3.5,26,,,,,1,y,,,,,,,,,,,,,,,
Cederbom2011,Sa11,Savigny,6.738949879,46.54821,546336.432499,155453.700512,,2037,,,,borehole,,,USM,28.4,20.43,y,11.6,,4.9,8.3,5,,,,,78,y,,,,,,,,,,,,,,,
Cederbom2011,Sa2,Savigny,6.738949879,46.54821,546336.432499,155453.700512,,350,,,,borehole,,,USM,28.4,20.43,y,35.4,,7.6,9.6,2,,,,,23,n,,,,,,,,,,,,,,,
Cederbom2011,Sa3,Savigny,6.738949879,46.54821,546336.432499,155453.700512,,555,,,,borehole,,,USM,28.4,20.43,y,32.8,,7.6,7.9,20,,,,,0,n,,,,,,,,,,,,,,,
Cederbom2011,Sa5,Savigny,6.738949879,46.54821,546336.432499,155453.700512,,850,,,,borehole,,,USM,28.4,20.43,y,39,,8.2,10.3,15,,,,,5,n,,,,,,,,,,,,,,,
Cederbom2011,Sa6,Savigny,6.738949879,46.54821,546336.432499,155453.700512,,1060,,,,borehole,,,USM,28.4,20.43,y,27.5,,11.1,18.7,8,,,,,0,n,,,,,,,,,,,,,,,
Cederbom2011,Sa7,Savigny,6.738949879,46.54821,546336.432499,155453.700512,,1300,,,,borehole,,,USM,28.4,20.43,y,30.8,,7.5,10,31,,,,,0,n,,,,,,,,,,,,,,,
Cederbom2011,Sa8,Savigny,6.738949879,46.54821,546336.432499,155453.700512,,1540,,,,borehole,,,USM,28.4,20.43,y,26.5,,5.8,7.5,27,,,,,0,n,,,,,,,,,,,,,,,
Cederbom2011,Sa9,Savigny,6.738949879,46.54821,546336.432499,155453.700512,,1755,,,,borehole,,,USM,28.4,20.43,y,35.2,,21.1,52.4,3,,,,,1,n,,,,,,,,,,,,,,,
Cederbom2011,Tg11,Tuggen,8.9550840072,47.2008334896,714897.483542,228875.499508,,940,,,,borehole,,,USM,28.4,20.43,y,20.7,,6,8.5,14,,,,,1,n,,,,,,,,,,,,,,,
Cederbom2011,Tg15,Tuggen,8.9550840072,47.2008334896,714897.483542,228875.499508,,1476,,,,borehole,,,USM,28.4,20.43,y,19,,12,32.6,6,,,,,0,y,,,,,,,,,,,,,,,
Cederbom2011,Tg2+3,Tuggen,8.9550840072,47.2008334896,714897.483542,228875.499508,,439,,,,borehole,,,USM,28.4,20.43,y,22.6,,6.4,8.9,46,,,,,0,n,,,,,,,,,,,,,,,
Cederbom2011,Th2,Thun,7.7059860228,46.7591581056,620424.972651,178698.542905,,590,,,,borehole,,,USM,28.4,20.43,y,26.4,,3.1,3.6,40,,,,,32,n,,,,,,,,,,,,,,,
Cederbom2011,Th4,Thun,7.7059860228,46.7591581056,620424.972651,178698.542905,,1207,,,,borehole,,,USM,28.4,20.43,y,30.6,,4.2,4.9,40,,,,,0,n,,,,,,,,,,,,,,,
Cederbom2011,Th5,Thun,7.7059860228,46.7591581056,620424.972651,178698.542905,,1500,,,,borehole,,,USM,28.4,20.43,y,18.7,,3.4,4.2,40,,,,,0,y,,,,,,,,,,,,,,,
Cederbom2011,Th6,Thun,7.7059860228,46.7591581056,620424.972651,178698.542905,,1806,,,,borehole,,,USM,28.4,20.43,y,27.4,,4.8,5.8,40,,,,,0,n,,,,,,,,,,,,,,,
Cederbom2011,Th7,Thun,7.7059860228,46.7591581056,620424.972651,178698.542905,,2095,,,,borehole,,,USM,28.4,20.43,y,24.6,,6.3,8.5,42,,,,,0,n,,,,,,,,,,,,,,,
Cederbom2011,Th8,Thun,7.7059860228,46.7591581056,620424.972651,178698.542905,,2394,,,,borehole,,,USM,28.4,20.43,y,10.7,,3.4,4.9,60,,,,,0,y,,,,,,,,,,,,,,,
Mazurek2006,,Herdern,8.920304552,47.61399,711395.177731,274753.148733,,635,,,,borehole,,,OMM,19,17.25,y,43,,8,8,50,,,,,0,n,,,,,,,,,,,,,,,
Mazurek2006,,Herdern,8.920304552,47.61399,711395.177731,274753.148733,,1225,,,,borehole,,,USM,28.4,20.43,y,35,,4,4,20,,,,,0,n,,,,,,,,,,,,,,,
Mazurek2006,,Herdern,8.920304552,47.61399,711395.177731,274753.148733,,1910.45,,,,borehole,,,Kimmeridgian,155.7,150.8,y,32,,4,4,19,,,,,24,y,,,,,,,,,,,,,,,
Mazurek2006,,Herdern,8.920304552,47.61399,711395.177731,274753.148733,,2121.15,,,,borehole,,,Kimmeridgian,155.7,150.8,y,3.9,,0.7,0.7,3,,,,,73,y,,,,,,,,,,,,,,,
Mazurek2006,,Herdern,8.920304552,47.61399,711395.177731,274753.148733,,2153.55,,,,borehole,,,basement,,,y,3.2,,0.5,0.5,9,,,,,89,y,,,,,,,,,,,,,,,
Rahn et al.. 1997,MRT009,,9.0448118224,46.8646981933,722459.980896,191649.583093,3100,,,,Ruchi,outcrop,Verrucano,Glarus nappe,,,,n,6.74,0.53,,,34,,,,,,y,,,,13.66,,1.49,33,160,7,29,Rahn 1994,,,,
Rahn et al.. 1997,MRT012,,9.0413438406,46.8671760784,722189.98106,191919.582635,2940,,,,Ruchigrat,outcrop,flysch sandstone,Northhelvetic flysch,,,,n,8.51,0.93,,,40,,,,,,y,,,,14.17,,1.6,62,116,13,20,Rahn 1994,,,,
Rahn et al.. 1997,MRT014,,9.0344660231,46.8697014661,721659.981179,192189.580875,2670,,,,Scheidsattel,outcrop,flysch sandstone,Northhelvetic flysch,,,,n,8.61,0.63,,,40,,,,,,y,,,,14.43,,1.42,100,99,9,40,Rahn 1994,,,,
Rahn et al.. 1997,MRT017,,9.0244016222,46.8665124561,720899.980866,191819.57582,2455,,,,Muttsee,outcrop,Taveyannaz Sandstone,Northhelvetic flysch,,,,n,7.94,0.8,,,40,,,,,,y,,,,,,,,105,12,33,Rahn 1994,,,,
Rahn et al.. 1997,MRT024,,9.028223636,46.889312202,721139.98233,194359.585833,2245,,,,Vorstegstock,outcrop,Taveyannaz Sandstone,Northhelvetic flysch,,,,n,8.04,0.81,,,40,,,,,,y,,,,,,,,72,6,40,Rahn 1994,,,,
Rahn et al.. 1997,MRT027,,9.0252715865,46.8960110437,720899.982597,195099.587302,2030,,,,Stafelsattel,outcrop,Taveyannaz Sandstone,Northhelvetic flysch,,,,n,7.48,0.56,,,40,,,,,,y,,,,13.76,,1.55,78,137,11,40,Rahn 1994,,,,
Rahn et al.. 1997,MRT029,,9.0148151138,46.8975050713,720099.982463,195249.583848,1750,,,,Obere Stafel,outcrop,flysch sandstone,Northhelvetic flysch,,,,n,6.65,0.51,,,40,,,,,,y,,,,,,,,103,10,37,Rahn 1994,,,,
Rahn et al.. 1997,MRT032,,9.0126829277,46.9098604233,719909.982806,196619.587976,1560,,,,Kilchenstock,outcrop,Taveyannaz Sandstone,Northhelvetic flysch,,,,n,6.45,0.58,,,40,,,,,,y,,,,,,,,98,10,26,Rahn 1994,,,,
Rahn et al.. 1997,MRT034,,9.0123536301,46.9255198503,719849.983039,198359.594343,725,,,,Sand,outcrop,flysch sandstone,Northhelvetic flysch,,,,n,5.78,0.5,,,40,,,,,,y,,,,13.99,,1.67,63,103,9,40,Rahn 1994,,,,
Rahn et al.. 1997,MRT037,,9.0186599823,46.9256129642,720329.983227,198379.596834,1020,,,,Durnachtal-1,outcrop,flysch sandstone,Northhelvetic flysch,,,,n,6.36,0.6,,,40,,,,,,y,,,,,,,,116,10,38,Rahn 1994,,,,
Rahn et al.. 1997,MRT039,,9.0368002225,46.9129452362,721739.983554,196999.598644,1380,,,,Durnachtal-2,outcrop,flysch sandstone,Northhelvetic flysch,,,,n,6.75,0.7,,,40,,,,,,y,,,,,,,,142,21,20,Rahn 1994,,,,
Rahn et al.. 1997,MRT041,,9.0290215475,46.9162925038,721139.983396,197359.596973,1190,,,,Berg,outcrop,flysch sandstone,Northhelvetic flysch,,,,n,7.07,0.91,,,40,,,,,,y,,,,13.98,0.21,1.67,63,122,13,35,Rahn 1994,,,,
Rahn et al.. 1997,MRT049,,9.0051010014,47.1182425394,718869.956166,219769.688569,1610,,,,Wageten,outcrop,Taveyannaz Sandstone,Wageten slice,,,,n,11.8,0.57,,,40,,,,,,y,,,,13.83,,1.84,100,118,10,33,Rahn 1994,,,,
Rahn et al.. 1997,MRT052,,9.0070056333,47.1472758504,718949.946361,222999.706263,740,,,,Bilten,outcrop,Chattian Molasse sandstone,Subalpine Molasse,USM-I,,,y,47.07,5.2,,,40,,,,,,n,,,,11.44,,2.18,100,133,14,36,Rahn 1994,,,,
Rahn et al.. 1997,MRT157,,9.1029019959,47.1396303234,726239.962048,222299.745334,490,,,,Weesen,outcrop,Taveyannaz Sandstone,Wageten slice,,,,n,10.49,0.59,,,40,,,,,,y,,,,13.44,,1.57,72,110,13,25,Rahn 1994,,,,
Rahn et al.. 1997,MRT160,,9.0318374949,46.9669968856,721239.98324,202999.620439,640,,,,Luchsingen,outcrop,flysch sandstone,Northhelvetic flysch,,,,n,14.34,1.48,,,43,,,,,,y,,,,13.88,,2.31,100,106,15,31,Rahn 1994,,,,
Rahn et al.. 1997,MRT163,,8.9989624034,46.8849464094,718919.981775,193829.572939,1240,,,,Schwarzen,outcrop,Taveyannaz Sandstone,Northhelvetic flysch,,,,n,6.21,0.6,,,40,,,,,,y,,,,,,,,107,14,18,Rahn 1994,,,,
Rahn et al.. 1997,MRT176,,9.0574770245,46.9760845735,723169.984564,204049.635128,655,,,,Haslen,outcrop,flysch sandstone,Northhelvetic flysch,,,,n,7.95,0.75,,,40,,,,,,y,,,,13.64,,1.48,55,107,12,40,Rahn 1994,,,,
Rahn et al.. 1997,MRT177,,9.0303287694,46.9471343613,721169.983653,200789.610783,640,,,,Betschwanden,outcrop,flysch sandstone,Northhelvetic flysch,,,,n,7.24,0.64,,,40,,,,,,y,,,,13.43,,1.88,60,100,12,31,Rahn 1994,,,,
Rahn et al.. 1997,MRT180,,8.9843827082,46.9118654459,717749.982383,196799.578013,875,,,,Linthal,outcrop,flysch sandstone,Northhelvetic flysch,,,,n,5.62,0.51,,,40,,,,,,y,,,,13.12,,2.13,67,77,9,34,Rahn 1994,,,,
Rahn et al.. 1997,MRT217,,9.1713006009,46.9674926655,731849.996749,203279.679395,885,,,,Matt,outcrop,flysch sandstone,Northhelvetic flysch,,,,n,5.42,0.57,,,38,,,,,,y,,,,13.16,,2.29,47,84,11,25,Rahn 1994,,,,
Rahn et al.. 1997,MRT233,,9.0920162713,46.9963750458,725749.98677,206359.659535,645,,,,Lochsiten,outcrop,flysch sandstone,Northhelvetic flysch,,,,n,8.91,0.93,,,33,,,,,,y,,,,13.63,,1.68,89,59,6.2,29,Rahn 1994,,,,
Rahn. unpubl.,KAW 0128,,8.6321974198,46.7339004337,691224.990065,176549.420975,730,,,,Gurtnellen,outcrop,granite,Aar massif,,,,n,,,,,,,,,,,,,,,,,,,15.8,1.5,10,Michalski & Soom 1990,,,,
Rahn. unpubl.,MRP006,,7.1262951172,46.3009950665,575934.265744,127780.11035,1785,,,,Alpe de Taveyanne,outcrop,Taveyannaz Sandstone,Diablerets nappe,,,,n,13.63,1.85,,,40,,,,,,y,,,,14.34,,1.55,200,107,17,23,Rahn unpublished,,,,
Rahn. unpubl.,MRP008,,7.1917611262,46.3040353103,580979.31027,128100.02819,3180,,,,Sommets des Diablerets,outcrop,qtz-cal sandstone,Diablerets nappe,,,,n,14.19,1.87,,,12,,,,,,y,,,,13.8,,1.32,13,186,18,40,Rahn unpublished,,,,
Rahn. unpubl.,MRP011,,7.1432373763,46.1567505224,577179.007507,111740.130598,545,,,,Mazembroz,outcrop,qtz-rich paragneiss,Massif de l'Arpille,,,,n,2.71,0.58,,,17,,,,,,y,,,,13.87,,0.42,3,,,,,,,,
Rahn. unpubl.,MRP012,,7.0457605289,46.1929758874,569669.001038,115800.247235,1175,,,,Gite Neuve,outcrop,chlorite gneiss,Massif des Aiguilles Rouges,,,,n,5.45,0.36,,,40,,,,,,y,,,,13.9,,1.61,100,168,6,40,Rahn unpublished,,,,
Rahn. unpubl.,MRP013,,7.0419668332,46.1891844564,569373.990386,115380.253918,930,,,,Les Boitses,outcrop,micro granitic gneiss,Massif des Aiguilles Rouges,,,,n,4.35,0.29,,,40,,,,,,y,,,,13.32,,1.76,100,164,6,33,Rahn unpublished,,,,
Rahn. unpubl.,MRP014,,7.0386187134,46.1865189336,569113.982346,115085.259599,740,,,,Champ-Petit,outcrop,chlorite gneiss,Massif des Aiguilles Rouges,,,,n,4.56,0.39,,,40,,,,,,y,,,,13.59,,2.09,100,148,8,40,Rahn unpublished,,,,
Rahn. unpubl.,MRP015,,7.034284252,46.1859187896,568778.977812,115020.265919,450,,,,Barrage,outcrop,light micro granite,Massif des Aiguilles Rouges,,,,n,4.16,0.31,,,40,,,,,,y,,,,14.08,,1.65,48,,,,,,,,
Rahn. unpubl.,MRP021,,7.0659855472,46.1998810802,571234.030198,116560.216847,2420,,,,fronti√®re VD/VS,outcrop,granitic gneiss,nappe de Morcles. Priabonian,,,,n,8.85,0.39,,,26,,,,,,y,,,,14.63,,1.25,100,229,12,26,Rahn unpublished,,,,
Rahn. unpubl.,MRP022,,7.0606242637,46.1977043198,570819.021805,116320.224965,2055,,,,Rionda,outcrop,flysch sandstone,flysch de Parautochthone et de Morcles,,,,n,6.56,0.67,,,29,,,,,,y,,,,14.26,,1.5,70,122,10,40,Rahn unpublished,,,,
Rahn. unpubl.,MRP025,,8.5767199611,47.0533831835,686470.005288,211999.522961,590,,,,Steinerberg,outcrop,coarse grained sandstone,Aquitanian. Subalpine Molasse,USM-I,,,y,43.28,6.89,,,23,,,,,,n,,,,11.36,,3.11,91,,,,,,,,
Rahn. unpubl.,MRP032,,8.6325714103,46.9133750227,690950.001723,196499.475367,600,,,,Gruontal,outcrop,coarse flysch sandstone,North Helvetic flysch. Oligocene,,,,n,8.18,0.51,,,40,,,,,,y,,,,13.85,,1.84,100,88,9,40,Rahn unpublished,,,,
Rahn. unpubl.,MRP035,,8.5828995971,46.8464101298,687275.003801,188999.443193,1830,,,,Grat Attinghausen,outcrop,Coarse flysch sandstone,North Helvetic flysch. Oligocene,,,,n,7.11,0.63,,,22,,,,,,y,,,,13.93,,2.3,100,99,10,40,Rahn unpublished,,,,
Rahn. unpubl.,MRP037,,8.6203184813,46.8576349645,690110.000891,190289.453287,675,,,,Attinghausen Wettmatt,outcrop,flysch sandstone,North Helvetic flysch. Oligocene,,,,n,6.27,1.13,,,17,,,,,,y,,,,13.68,,1.4,18,,,,,,,,
Rahn. unpubl.,MRP039,,8.6328999651,46.8395115319,691099.99863,188289.449737,480,,,,Ripshusen,outcrop,chlorite gneiss,Aar massif,,,,n,4.85,0.39,,,40,,,,,,y,,,,14.04,,1.73,100,121,9,15,Rahn unpublished,,,,
Rahn. unpubl.,MRP040,,8.650130586,46.8827829286,692339.999106,193119.467707,675,,,,Nussb√§umli. Altdorf,outcrop,Altdorf  sandstone,North Helvetic flysch. Oligocene,,,,n,7.23,0.98,,,34,,,,,,y,,,,13.76,,2.03,77,67,7,40,Rahn unpublished,,,,
Rahn. unpubl.,MRP042,,8.6085252695,46.8761986387,689180.003104,192339.457481,520,,,,Attinghausen. quarry,outcrop,flysch sandstone,North Helvetic flysch. Oligocene,,,,n,8.33,0.64,,,38,,,,,,y,,,,13.21,,2.07,100,,,,,,,,
Rahn. unpubl.,MRP043,,8.5885250289,46.8979923798,687620.006427,194739.461803,560,,,,Bolzbach,outcrop,fine-grained sandstone,North Helvetic flysch. Oligocene,,,,n,6.88,0.57,,,40,,,,,,y,,,,13.39,,2.39,100,100,17,15,Rahn unpublished,,,,
Rahn. unpubl.,MRP046,,9.4118588263,46.9824990516,750110.054158,205379.796651,2050,,,,Gaffia,outcrop,coarse. granitic sstone,Sardona flysch. Paleocene,,,,n,7.39,0.55,,,40,,,,,,y,,,,13.72,,1.84,100,132,7,40,Rahn unpublished,,,,
Rahn. unpubl.,MRP048,,9.4537334313,47.0227119575,753180.080926,209929.840414,490,,,,Vilters,outcrop,dark flysch sandstone,North Helvetic flysch. Oligocene,,,,n,8.19,0.69,,,40,,,,,,y,,,,13.43,,2.18,100,83,8,40,Rahn unpublished,,,,
Rahn. unpubl.,MRP049,,9.5876382796,46.975558852,763500.120319,204959.871408,530,,,,Malans,outcrop,calcareous sandstone,Pr√§ttigau flysch. upper cretaceous,,,,n,4.17,0.77,,,33,,,,,,y,,,,14.1,,1.56,10,,,,,,,,
Rahn. unpubl.,MRP051,,9.5378486701,46.963073997,759750.091924,203469.842283,760,,,,Mastrils,outcrop,dark flysch sandstone,North Helvetic flysch. Oligocene,,,,n,4.82,0.52,,,40,,,,,,y,,,,13.2,,2.33,11,,,,,,,,
Rahn. unpubl.,MRP054,,9.6026706338,47.0125301021,764530.149239,209099.901898,2370,,,,Vilan,outcrop,Ruchberg sandstone,Pr√§ttigau flysch. upper cretaceous,,,,n,8.72,0.63,,,40,,,,,,y,,,,13.72,,1.64,80,149,15,40,Rahn unpublished,,,,
Rahn. unpubl.,MRP058,,9.3914140067,46.9554053262,748630.040004,202329.772395,2755,,,,Pizol,outcrop,quartzite,Verrucano. Permian,,,,n,6.91,0.6,,,35,,,,,,y,,,,14.44,,1.08,43,,,,,,,,
Rahn. unpubl.,MRP060,,9.3903868239,46.9524534897,748560.038818,201999.770372,2580,,,,Pizol S√ºd,outcrop,dark flysch sandstone,North Helvetic flysch. Oligocene,,,,n,6.96,0.84,,,24,,,,,,y,,,,13.67,,2.83,63,,,,,,,,
Rahn. unpubl.,MRP062,,9.3914782119,46.9427170417,748670.036005,200919.765814,2180,,,,Tersol,outcrop,dark flysch sandstone,North Helvetic flysch. Oligocene,,,,n,11.2,0.97,,,27,,,,,,y,,,,14.23,,1.59,92,92,11,26,Rahn unpublished,,,,
Rahn. unpubl.,MRP065,,9.4346649054,47.2103802657,751200.071402,230749.969181,620,,,,M√ºntschenberg,outcrop,Reiselberger sandstone,North penninic flysch. cretaceous,,,,n,18.71,1.56,,,37,,,,,,y,,,,12.85,,2.33,83,149,13,29,Rahn unpublished,,,,
Rahn. unpubl.,MRP067,,9.4971829822,47.3456840266,755540.050996,245910.128252,860,,,,Eichberg,outcrop,calcareous sandstone,Chattian. USM. Subalpine Molasse,USM-I,,,y,14.6,1.56,,,20,,,,,,y,,,,12.03,,2.77,73,166,24,26,Rahn unpublished,,,,
Rahn. unpubl.,MRP069,,9.4810114622,47.3140302145,754410.058782,242360.087865,1500,,,,F√§hnerenspitz,outcrop,silty sandstone,F√§hnern flysch klippe. upper cretaceous,,,,n,25.41,1.77,,,32,,,,,,y,,,,12.73,,3.01,100,137,16,23,Rahn unpublished,,,,
Rahn. unpubl.,MRP071,,7.0548836605,46.1942666241,570374.010529,115940.234102,1675,,,,L'Au de l'Arbignon,outcrop,chlorite gneiss,massif de l'Arpille,,,,n,5.94,0.43,,,40,,,,,,y,,,,12.35,,0.29,100,189,10,32,Rahn unpublished,,,,
Rahn. unpubl.,MRP072,,7.1039197124,46.3409619743,574229.327834,132230.133151,1655,,,,Le Lavanchy Poy,outcrop,leucocratic orthogneiss,flysch of the Niesen nappe,,,,n,10.81,0.92,,,40,,,,,,y,,,,13.85,,1.72,100,199,30,10,Rahn unpublished,,,,
Rahn. unpubl.,MRP074,,7.1052301477,46.3390767408,574329.324987,132020.131685,1650,,,,Le Lavanchy Poy,outcrop,leucocratic gneiss,flysch de Meilleret. Ultrahelvetic,,,,n,8.23,0.47,,,40,,,,,,y,,,,13.86,,1.79,100,174,12,15,Rahn unpublished,,,,
Rahn. unpubl.,MRP076,,7.0735154224,46.4198954746,571929.462507,141015.167108,1410,,,,Sur Pernet,outcrop,fine-grained sandstone,flysch √† Helminthoides. Simme nappe,,,,n,22.15,1.57,,,40,,,,,,y,,,,13.35,,2.05,100,171,17,40,Rahn unpublished,,,,
Rahn. unpubl.,MRP079,,6.9756498817,46.2425017674,564289.056041,121335.331274,400,,,,Massongex,outcrop,dark fine sandstone,North Helvetic flysch,,,,n,7.54,0.66,,,40,,,,,,y,,,,13.6,,2.16,58,,,,,,,,
Rahn. unpubl.,MRP081,,6.9172844012,46.4681775905,559954.504879,146450.38717,950,,,,Ondallaz,outcrop,coarse sandstone,flysch of the Gurnigel nappe,,,,n,10.02,1.48,,,19,,,,,,y,,,,10.69,,4.26,27,,,,,,,,
Rahn. unpubl.,MRP084,,6.8815514687,46.486674337,557224.533986,148525.441396,745,,,,Cucloz,outcrop,grey-greenish sandstone,lattorfien. UMM. Subalpine Molasse,,,,y,28.03,2.66,,,40,,,,,,n,,,,13.51,,2.12,200,134,13,40,Rahn unpublished,,,,
Rahn. unpubl.,MRP087,,6.8347777905,46.517516144,553659.589267,151980.515008,700,,,,Granges Veveyse,outcrop,medium-grained sandstone,Chattian. USM. Subalpine Molasse,USM-I,,,y,55.9,6.1,,,40,,,,,,n,,,,11.61,,2.29,200,,,,,,,,
Rahn. unpubl.,MRP088,,7.6525812811,46.5773900209,616399.867668,158479.596485,790,,,,Tellenburg. Frutigen,outcrop,coarse grained TS,Rupelian. Taveyannaz-Serie,,,,n,7.99,0.65,,,40,,,,,,y,,,,14.3,,1.38,100,,,,,,,,
Rahn. unpubl.,MRP090,,7.6501475169,46.5554902353,616219.844718,156044.595072,863,,,,Kandergrund. 92/11,outcrop,Taveyannaz sandstone,Rupelian. Taveyannaz-Serie,,,,n,8.31,0.66,,,28,,,,,,y,,,,14.2,,1.7,82,,,,,,,,
Rahn. unpubl.,MRP100,,9.0514543629,46.7843489916,723149.971601,182729.560551,1530,,,,Breil/Brigels,outcrop,hbl ortho gneiss,Hercynian?. Aar massif,,,,n,3.88,0.45,,,40,,,,,,y,,,,14.07,,1.5,100,10.4,1.1,20,Rahn unpublished,,,,
Rahn. unpubl.,MRP101,,9.5398203582,47.1880836302,759230.150814,228480.008193,470,,,,Schwabbr√ºnnen FL,outcrop,medium-grained sandstone,Maastrichtian. Vorarlberger Flysch,,,,n,17.92,1.18,,,40,,,,,,y,,,,13.04,,1.93,69,,,,,,,,
Rahn. unpubl.,MRP106,,7.6797287311,46.521742724,618499.818147,152299.571415,1000,,,,Mitholz,outcrop,coarse sandstone,Priabonain. Flyschzone von Mitholz,,,,n,9.77,1.52,,,40,,,,,,y,,,,14.38,,1.48,49,,,,,,,,
Rahn. unpubl.,MRP111,,7.663172785,46.6147913543,617199.907532,162639.595524,860,,,,Buchholz,outcrop,coarse-grained bt granite,Maastrichtian. Niesen-Flysch,,,,n,10.26,1.07,,,40,,,,,,y,,,,13.81,,1.87,100,,,,,,,,
Rahn. unpubl.,MRP113,,7.6818183165,46.6388612743,618619.933891,165319.58774,960,,,,M√ºlenen,outcrop,weathered micaschist,Maastrichtian. Niesen-Flysch,,,,n,12.19,1.22,,,40,,,,,,y,,,,13.69,,1.67,100,,,,,,,,
Rahn. unpubl.,MRP115,,7.73708294,46.713393289,622820.007888,173619.570058,930,,,,Dallenfluh,outcrop,Taveyannaz sandstone,Oligocene. Subalpine flysch,,,,n,10.26,0.72,,,40,,,,,,y,,,,13.57,,1.67,100,,,,,,,,
Rahn. unpubl.,MRP117,,7.7554209462,46.7405104176,624210.032151,176639.566329,1430,,,,Oberi Matte. Schwanden,outcrop,qtz sandstone,Ralligen sst. Chattian. Sublapine Molasse,USM-I,,,y,33.23,2.27,,,40,,,,,,n,,,,12.88,,2.23,100,,,,,,,,
Rahn. unpubl.,MRP126,,7.6446796289,46.5475661277,615802.835324,155162.597837,805,,,,Sondierstollen. m3515,outcrop,Taveyannaz sandstone,Oligocene. Taveyannaz-Serie,,,,n,5.29,0.71,,,21,,,,,,y,,,,14.06,,1.51,18,,,,,,,,
Rahn. unpubl.,MRP130,,6.9157586418,46.2145787929,559648.955844,118260.430244,1000,,,,Val d'Illiez,outcrop,gr√®s de Val D'Illiez,Oligocene. Morcles nappe,,,,n,6.56,0.56,,,40,,,,,,y,,,,13.74,,1.35,100,92.4,9.6,20,Rahn unpublished,,,,
Rahn. unpubl.,MRP131,,7.6487788497,46.5388328692,616119.827322,154192.593968,810,,,,Sondierstollen. m4510-54,outcrop,Taveyannaz sandstone,Oligocene. Taveyannaz-Serie,,,,n,7.23,0.65,,,37,,,,,,y,,,,14,,0.9,11,,,,,,,,
Rahn. unpubl.,MRP133,,7.6634865471,46.5112870823,617256.803338,151133.581205,776,,,,I de B√∂de. 93/12,outcrop,Taveyannaz sandstone,Oligocene. Taveyannaz-Serie,,,,n,5.27,1.37,,,14,,,,,,y,,,,13.9,,1.06,4,107,12,20,Rahn unpublished,,,,
Rahn. unpubl.,MRP137,Weggis,8.4251623972,47.0330155353,674984.041826,209579.496861,-163,620,,,Weggis 580-660,borehole,qtz-rich sandstone (cuttings),USM-UMM. Subalpine Molasse,USM-UMM,28.4,20.43,y,4.84,1.05,,,8,,,,,,y,,,,9.71,,,1,,,,,,,,
Rahn. unpubl.,MRP138,Weggis,8.4251623972,47.0330155353,674984.041826,209579.496861,-1028,1485,,,Weggis 1430-1540,borehole,dark sandstone (cuttings),USM. Subalpine Molasse,USM,28.4,20.43,y,7.83,0.91,,,40,,,,,,y,,,,12.59,,1.7,16,,,,,,,,
Rahn. unpubl.,MRP139,Weggis,8.4251623972,47.0330155353,674984.041826,209579.496861,-1678,2135,,,Weggis 2060-2210,borehole,sandstone (cuttings),USM. Subalpine Molasse,USM,28.4,20.43,y,4.69,0.54,,,29,,,,,,y,,,,11.37,,2.53,9,,,,,,,,
Rahn. unpubl.,MRP140,,9.4565697051,47.1575414422,753010.095381,224919.938385,750,,,,Buchs,outcrop,glauconite sandstone,Gault. S√§ntis nappe,,,,n,91.8,24.5,,,9,,,,,,n,,,,12.81,,1.28,3,,,,,,,,
Rahn. unpubl.,MRP142,,9.5443096692,47.1009897954,759830.14785,218809.939048,860,,,,Wangerberg FL,outcrop,coarse flysch sandstone,Triesener Flysch. Penninic,,,,n,10.4,0.77,,,29,,,,,,y,,,,13.38,,1.68,43,,,,,,,,
Rahn. unpubl.,MRP144,,9.4315873481,46.9082831146,751820.132497,197169.766723,1000,,,,V√§ttis,outcrop,schistose  ms-gneis,Aar Massif,,,,n,2.68,0.44,,,40,,,,,,y,,,,14.61,,1.27,42,,,,,,,,
Rahn. unpubl.,MRP146,,9.3961000712,46.8244029706,749349.987967,187779.717342,600,,,,Tamins-Vaserta,outcrop,Mels sandstone ms-quartzite,Middle Triassic. Parautochthonous,,,,n,1.62,0.2,,,40,,,,,,y,,,,14.73,,0.98,16,8.7,0.9,20,Rahn unpublished,,,,
Rahn. unpubl.,MRP148,,9.0258702148,46.8051311336,721149.975025,184999.556386,1880,,,,Val Frisal,outcrop,kfs granite (Punteglias),Aar Massif,,,,n,3.57,0.29,,,40,,,,,,y,,,,14.17,,1.53,100,13.6,1.2,20,Rahn unpublished,,,,
Rahn. unpubl.,MRP149,,9.5588156945,46.8682930821,761630.038431,192979.802873,820,,,,Campodels,outcrop,calcareous sandstone,Buendnerschiefer. North Penninic,,,,n,3.63,0.7,,,19,,,,,,y,,,,13.7,,2.3,2,,,,,,,,
Rahn. unpubl.,MRP151,,9.0189931631,46.8386960651,720549.978615,188719.564136,1870,,,,Limmernstausee,outcrop,qtz monzonite,Aar Massif,,,,n,5.06,0.8,,,15,,,,,,y,,,,14.49,,1.16,29,,,,,,,,
Rahn. unpubl.,MRP153,,8.6585235192,46.8131513307,693099.994804,185389.446745,485,,,,Erstfeld,outcrop,bt-plag migmatitic gneis,Aar Massif,,,,n,7.15,0.45,,,40,,,,,,y,,,,14.34,,1.16,100,100,10,20,Rahn unpublished,,,,
Rahn. unpubl.,MRP154,,8.6711488628,46.7750505676,694129.991155,181169.438828,510,,,,Amsteg,outcrop,ms-bt migmatitic gneis,Aar Massif,,,,n,6.66,0.47,,,40,,,,,,y,,,,13.99,,1.07,32,13.7,1.6,20,Rahn unpublished,,,,
Rahn. unpubl.,MRP155,,8.5299186193,46.9979726584,683000.017567,205789.492151,530,,,,Gersau,outcrop,calcareous sandstone,Oligocene. Subalpine flysch,,,,n,9.44,1.35,,,17,,,,,,y,,,,12.91,,2.12,34,,,,,,,,
Rahn. unpubl.,MRP157,,7.6473823671,46.5417950028,616011.830022,154521.595274,807,,,,Sondierstollen. m4190,outcrop,Taveyannaz sandstone,Oligocene. Taveyannaz-Serie,,,,n,6.22,0.82,,,20,,,,,,y,,,,13.86,,1.26,62,,,,,,,,
Rahn. unpubl.,MRP158,Boswil,8.2957791225,47.2844400386,664845.08327,237414.599348,-192,840,,,Boswil-1. m800-880,borehole,sandstone,Aquitanian. Lower Freshwater Molasse,USM,28.4,20.43,y,25.9,2,,,20,,,,,,n,,,,11.85,,1.85,17,,,,,,,,
Rahn. unpubl.,MRP159,Boswil,8.2957791225,47.2844400386,664845.08327,237414.599348,-627,1275,,,Boswil-1. m1240-1310,borehole,sandstone,Aquitanian. Lower Freshwater Molasse,USM,28.4,20.43,y,27,1.7,,,26,,,,,,n,,,,11.39,,1.73,50,,,,,,,,
Rahn. unpubl.,MRP161,Huenenberg,8.4347466574,47.1679846484,675522.032259,224592.555518,-1319,1100,,,H√ºnenberg-1. m1060-1140,borehole,sandstone,Aquitanian. Lower Freshwater Molasse,USM,28.4,20.43,y,23.4,1.7,,,18,,,,,,n,,,,10.45,,1.84,32,,,,,,,,
Rahn. unpubl.,MRP163,Huenenberg,8.4347466574,47.1679846484,675522.032259,224592.555518,-1927,2388.5,,,H√ºnenberg-1. m2388.11-2388.95,borehole,sandstone,Aquitanian. Lower Freshwater Molasse,USM,28.4,20.43,y,3.6,0.5,,,20,,,,,,y,,,,11.42,,1.04,12,,,,,,,,
Rahn. unpubl.,MRP164,Huenenberg,8.4347466574,47.1679846484,675522.032259,224592.555518,-2588,3019,,,H√ºnenberg-1. m3018.58-3019.51,borehole,sandstone,Aquitanian. Lower Freshwater Molasse,USM,28.4,20.43,y,1.1,0.3,,,20,,,,,,y,,,,10.75,,1.13,7,,,,,,,,
Rahn. unpubl.,MRP165,Huenenberg,8.4347466574,47.1679846484,675522.032259,224592.555518,-2768,3229,,,H√ºnenberg-1. m3200-3258,borehole,sandstone,Aquitanian. Lower Freshwater Molasse,USM,28.4,20.43,y,1.6,0.5,,,13,,,,,,y,,,,11.27,,0.96,11,,,,,,,,
Rahn. unpubl.,MRP166,,,,,,,,,,Sonnenberg,outcrop,,Molasse,,,,y,21.9,1.4,,,20,,,,,,,,,,12.25,,1.85,37,,,,,,,,
Rahn. unpubl.,MRP167,,9.015741271,46.8283941988,720324.977696,187569.559569,1845,,,,Limmernstausee,outcrop,leuco and meso-gneis,Aar massif (Limmernboden series),,,,n,5,0.4,,,40,,,,,,y,,,,14.52,,1.64,100,28.9,2.7,20,Rahn unpublished,,,,
Rahn. unpubl.,MRP169,,9.4151256578,46.9105481207,750560.029759,197389.760527,1205,,,,Hochwald. V√§ttis,outcrop,ms-chl gneis,Aarmassif,,,,n,2.4,0.3,,,40,,,,,,y,,,,14.79,,1.81,100,10.4,1.2,20,Rahn unpublished,,,,
Rahn. unpubl.,MRP170,,8.485709014,47.0571278126,679550.026034,212319.511898,1780,,,,Rigi Kulm,outcrop,coarse Molasse sandstone,Subalpine Molasse,USM-I,,,y,35.9,1.9,,,40,,,,,,n,,,,12.3,,2.13,100,,,,,,,,
Rahn. unpubl.,MRP172,,8.509302741,47.0488139786,681355.020599,211419.511014,1060,,,,Staldi. Rigi,outcrop,coarse Molasse sandstone,Subalpine Molasse,USM-I,,,y,28.5,2,,,23,,,,,,n,,,,11.36,,2.08,100,,,,,,,,
Rahn. unpubl.,MRP174,,8.5326673771,47.0554306163,683120.014731,212179.516955,440,,,,Oberarth,outcrop,red coarse sandstone,Subalpine Molasse,USM-I,,,y,15,1,,,24,,,,,,y,,,,12.1,,2,49,,,,,,,,
Rahn. unpubl.,MRP175,,8.1843188966,46.7192634459,657010.005906,174499.404807,610,,,,Reichenbach,outcrop,Taveyannaz sandstone,North Helvetic flysch (?),,,,n,9.2,0.7,,,40,,,,,,y,,,,13.53,,1.35,24,,,,,,,,
Rahn. unpubl.,MRP177,,8.032440418,46.8959297587,645250.105044,194039.492256,1200,,,,Mettlen. Fl√ºhli,outcrop,Taveyannaz sandstone,Subalpine flysch,,,,n,16,0.8,,,40,,,,,,y,,,,13.07,,1.51,100,,,,,,,,
Rahn. unpubl.,MRP179,,8.0140744452,46.8842393867,643860.10276,192729.493993,885,,,,Fl√ºhli,outcrop,medium to coarse sandstone,Subalpine Molasse,UMM,,,y,9.8,1.4,,,23,,,,,,y,,,,13.75,,1.51,17,,,,,,,,
Rahn. unpubl.,MRP181,,8.1377461808,46.8196814318,653350.050527,185629.440712,1230,,,,Vordere Brosmatt,outcrop,fine qtz-cal sandstone,Habkern zone. Ultrahelvetic,,,,n,15.1,1.4,,,20,,,,,,y,,,,13.24,,2.47,58,,,,,,,,
Rahn. unpubl.,MRP182,,8.0725082361,46.821590993,648370.059939,185799.456545,1600,,,,Glaubenbielen,outcrop,brecciose glc sandstone,Rotspitz zone. Penninic,,,,n,28.9,1.4,,,40,,,,,,n,,,,12.1,,1.63,100,,,,,,,,
Rahn. unpubl.,MRP183,,8.057477359,46.85927509,647190.081164,189979.472649,1260,,,,Gitziloch. Fl√ºhli,outcrop,coarse qtz sandstone,Schlieren flysch. Ultrahelvetic,,,,n,21.4,1.3,,,20,,,,,,y,,,,12.42,,1.96,102,,,,,,,,
Rahn. unpubl.,MRP187,,7.306608939,46.7415932016,589910.050283,176719.934688,830,,,,Gopplismatt,outcrop,qtz sandstone,Subalpine Molasse,USM-I,,,y,26,1.2,,,40,,,,,,n,,,,12.55,,1.67,90,,,,,,,,
Rahn. unpubl.,MRP189,,7.3070628053,46.7164513361,589940.011986,173924.92753,880,,,,Zollhaus,outcrop,coarse sandstone,Gurnigel flysch. Ultrahelvetic,,,,n,13.4,1.7,,,17,,,,,,y,,,,12.78,,1.74,40,,,,,,,,
Rahn. unpubl.,MRP192,,7.9226798884,46.8025332082,636950.067691,183599.501217,1090,,,,Kemmeriboden,outcrop,Taveyannaz sandstone,Subalpine flysch,,,,n,10.2,0.8,,,30,,,,,,y,,,,13.32,,1.58,100,,,,,,,,
Rahn. unpubl.,MRP194,,7.907817588,46.8107811383,635810.075173,184509.509937,945,,,,Cheerlishof,outcrop,coarse grey sandstone,Subalpine Molasse,,,,y,16.7,0.8,,,40,,,,,,y,,,,11.82,,2.14,100,,,,,,,,
Rahn. unpubl.,MRP196,,8.1448737825,46.963523064,653750.106537,201624.488483,1335,,,,Riseten,outcrop,tuff-like flysch sandstone,Subalpine flysch,,,,n,39.5,2,,,25,,,,,,n,,,,11.47,,2.26,100,,,,,,,,
Rahn. unpubl.,MRP198,,8.1409348657,46.9939071342,653420.118605,204999.500625,740,,,,Fischenbach,outcrop,flyschoid sandstone,Subalpine Molasse,USM-II,,,y,26.9,1.2,,,40,,,,,,n,,,,12.24,,1.59,100,,,,,,,,
Rahn. unpubl.,MRP200,,7.014885005,46.1822494418,567278.955416,114620.294871,560,,,,La Rasse,outcrop,chl bt gneiss,Aiguilles Rouges massif,,,,n,5,0.3,,,40,,,,,,y,,,,13.8,,1.76,100,122,13,20,Rahn. unpubl.,,,,
Rahn. unpubl.,MRP205,,7.6487158006,46.3209313937,616179.608797,129969.595375,970,,,,Bublet,outcrop,Taveyannaz Sandstone,Series of Leuk. parautochthonous?,,,,n,5.4,0.5,,,38,,,,,,y,,,,13.41,,1.9,13,16.2,1.6,20,Rahn. unpubl.,,,,
Rahn. unpubl.,MRP208,,7.0696946672,46.1208216538,571478.872412,107770.24446,460,,,,Les Follat√®res,outcrop,bt-ms migmatite,Massif de l'Arpille,,,,n,5.4,0.5,,,20,,,,,,y,,,,13.67,0.15,1.55,100,,,,,,,,
Rahn. unpubl.,MRP209,,7.8987234649,46.5436468382,635289.888598,154809.456279,920,,,,Stechelberg,outcrop,kfs granite,Aar massif,,,,n,7.2,0.6,,,20,,,,,,y,,,,13.9,0.15,1.47,100,,,,,,,,
Rahn. unpubl.,MRP211,,9.224708438,46.8898334922,736109.993654,194739.667432,2360,,,,Las Palas,outcrop,Taveyannaz Sandstone,North Helvetic flysch,,,,n,2,0.7,,,7,,,,,,y,,,,14.06,0.21,1.72,70,,,,,,,,
Rahn. unpubl.,MRP214,,8.9512001015,46.5257914426,716049.953345,153839.50175,1150,,,,Solario,outcrop,bt orthogneiss,Adula nappe,,,,n,6.7,0.9,,,20,,,,,,y,,,,13.61,0.19,1.35,51,,,,,,,,
Rahn. unpubl.,MRP215,,8.7979143763,46.5883668897,704169.971096,160579.44461,1915,,,,Lai da Santa Maria,outcrop,two mica augen gneiss,Gotthard massif. granite of Medels,,,,n,7.5,1.2,,,20,,,,,,y,,,,,,,,,,,,,,,
Rahn. unpubl.,MRP216,,8.8439747739,46.6333323375,707609.970049,165639.461146,1490,,,,Acla,outcrop,bt granite,Gotthard massif,,,,n,8.4,1.5,,,20,,,,,,y,,,,,,,,,,,,,,,
Rahn. unpubl.,MRP220,,9.1798029835,46.6115978765,733374.923991,163739.590805,1300,,,,Vals,outcrop,sericite gneiss,Adula nappe,,,,n,8.6,1.4,,,40,,,,,,y,,,,13.56,0.26,1.71,42,,,,,,,,
Rahn. unpubl.,MRP221,,9.2003662747,46.5875272418,735009.913875,161099.600859,1665,,,,Peil,outcrop,ser chl orthogneiss,Adula nappe,,,,n,5,1.6,,,24,,,,,,y,,,,13.59,0.19,1.51,61,,,,,,,,
Rahn. unpubl.,MRP222,,9.1180261647,46.5752756831,728729.928563,159599.565835,1905,,,,Guraletsch,outcrop,ms orthogneiss,Adula nappe,,,,n,8.9,0.8,,,20,,,,,,y,,,,14.03,0.15,1.49,100,,,,,,,,
Rahn. unpubl.,MRP223,,9.1860407767,46.5218390889,734074.903181,153774.603019,1650,,,,Hinterrhein,outcrop,ms augen gneiss,Adula nappe,,,,n,4.8,0.7,,,20,,,,,,y,,,,13.4,0.15,1.5,100,,,,,,,,
Rahn. unpubl.,MRP224,,9.1857251936,46.4656074648,734189.894884,147524.616992,1660,,,,San Bernardino,outcrop,ms gneiss,Adula nappe,,,,n,7.1,2.6,,,20,,,,,,y,,,,13.86,0.2,1.63,66,,,,,,,,
Rahn. unpubl.,MRP225,,9.093426998,46.5005061983,727019.924717,151249.5656,2285,,,,Zapporth√ºtte,outcrop,ms orthogneiss,Adula nappe,,,,n,7.2,1,,,20,,,,,,y,,,,13.7,0.16,1.61,100,,,,,,,,
Rahn. unpubl.,MRP226,,9.2044646902,46.429281019,735719.884575,143519.638812,1195,,,,Spina,outcrop,fs-augen paragneiss,Adula nappe,,,,n,6.8,2,,,15,,,,,,y,,,,13.6,0.33,1.1,11,,,,,,,,
Rahn. unpubl.,MRP227,,9.2368091434,46.4196850809,738229.870616,142509.658717,1280,,,,Pian San Giacomo,outcrop,ms-bt-chl paragneiss,Tambo nappe,,,,n,5.3,0.9,,,20,,,,,,y,,,,,,,,,,,,,,,
Rahn. unpubl.,MRP228,,9.2332476076,46.378890719,738059.869706,137969.676381,680,,,,Castello Mesocco,outcrop,two mica paragneiss,Adula nappe,,,,n,4.6,1,,,20,,,,,,y,,,,13.33,0.18,1.53,76,,,,,,,,
Rahn. unpubl.,MRP250,,8.5923192915,46.6649476773,688289.98502,168839.400948,1082,,,,Gotthard-Sicherheitsstollen. 00099,outcrop,granite. strong cleavage,Aar massif,,,,n,6.8,1.5,,,20,,,,,,y,,,,13.37,0.23,2.19,94,,,,,,,,
Rahn. unpubl.,MRP251,,7.5916385201,45.8777257427,611879.131408,80689.860517,2150,,,,Lago di Cignana,outcrop,grt-apnh-ms gneiss,zone Zermatt-Saas,,,,n,7.1,3.1,,,12,,,,,,y,,,,too low,,,,,,,,,,,
Rahn. unpubl.,MRP258,,9.045278898,46.5596808621,723189.940122,157749.536302,2080,,,,Lampertschalp,outcrop,augen orthogneiss,Adula nappe,,,,n,6.5,1.2,,,20,,,,,,y,,,,14.2,0.13,1.26,100,,,,,,,,
Rahn. unpubl.,MRP260,,9.3151723595,46.6576769489,743619.914473,169099.650385,2110,,,,Alp Fareina,outcrop,fine silicic sandstone,Grava-Serie. B√ºndnerschiefer,,,,n,5.3,0.8,,,20,,,,,,y,,,,,,,,,,,,,,,
Rahn. unpubl.,MRP263,,9.3285911798,46.5034062177,745059.850848,151979.673472,2120,,,,Spl√ºgenpass,outcrop,very fine gneiss,Tambo nappe,,,,n,16.9,1.3,,,20,,,,,,y,,,,13.27,0.17,1.65,100,,,,,,,,
Rahn. unpubl.,MRP264,,9.2131947243,46.3421350267,736609.880073,133849.686623,470,,,,Soazza,outcrop,light ms gneiss,Adula nappe,,,,n,5.8,1,,,20,,,,,,y,,,,13.18,0.19,1.89,100,,,,,,,,
Rahn. unpubl.,MRP265,,9.1720061135,46.2850069253,733579.908639,127429.702119,375,,,,Norantola,outcrop,two-mica gneiss,Adula nappe,,,,n,5.5,0.6,,,20,,,,,,y,,,,13.95,0.15,1.48,100,,,,,,,,
Rahn. unpubl.,MRP266,,8.9862716317,46.229576462,719389.998733,120969.641582,1445,,,,Alpe Arami,outcrop,migmatitic orthogneiss,Adula nappe (Cima Lunga),,,,n,7.7,1.3,,,20,,,,,,y,,,,14.03,0.2,1.38,46,,,,,,,,
Rahn. unpubl.,MRP267,,9.1775524093,46.3975744259,733729.893754,139949.639031,2110,,,,Trescolmen,outcrop,two-mica orthogneiss,Adula nappe,,,,n,4.8,0.5,,,20,,,,,,y,,,,14.15,0.16,1.56,100,,,,,,,,
Rahn. unpubl.,MRP268,,9.1327352908,46.4200272523,730229.910007,142369.607613,1385,,,,Pian d'Asc,outcrop,two-mica orthogneiss,Adula nappe,,,,n,3.8,1.3,,,28,,,,,,y,,,,13.53,0.37,1.89,26,,,,,,,,
Rahn. unpubl.,MRP269,,9.1191934259,46.3398794349,729379.920697,133439.638843,980,,,,Cauco,outcrop,two-mica orthogneiss,Adula nappe,,,,n,5.4,0.5,,,20,,,,,,y,,,,13.7,0.15,1.46,100,,,,,,,,
Rahn. unpubl.,MRP273,,9.0728138172,46.3787076139,725719.931503,137679.596059,1530,,,,Alp di Lesgi√ºna,outcrop,two-mica orthogneis,Adula nappe,,,,n,9,1.2,,,20,,,,,,y,,,,13.57,0.24,1.43,36,,,,,,,,
Rahn. unpubl.,MRP275,,9.064333551,46.4558485154,724889.930054,146239.563649,1995,,,,Alp di Piotta,outcrop,(bt)-ms orthogneis,Adula nappe,,,,n,6.7,1.6,,,20,,,,,,y,,,,13.27,0.19,1.38,52,,,,,,,,
Rahn. unpubl.,MRP276,,8.5995410917,46.5297461342,689064.974845,153819.393796,1220,,,,Airolo,outcrop,chl-grt paragneis,Tremola series. Gotthard massif,,,,n,7.2,1.5,,,20,,,,,,y,,,,,,,,,,,,,,,
Rahn. unpubl.,MRP279,,8.5856270765,46.6513405411,687799.983821,167319.397884,1315,,,,Sch√∂llenen,outcrop,granite gneis,Aar massif,,,,n,,,,,,,,,,,n,,,,14.31,0.39,1.35,12,,,,,,,,
Rahn. unpubl.,MRP281,,7.7847554709,45.97930446,626824.464823,92029.662699,2740,,,,Gornergrat,outcrop,ab-augen micaschist,Stockhorn series,,,,n,15.1,2.5,,,20,,,,,,y,,,,13.62,0.19,1.59,73,,,,,,,,
Rahn. unpubl.,MRP283,,8.4462398049,46.7289463589,677019.998997,175799.395599,2225,,,,Sustenpass,outcrop,orthogneiss,Aar massif,,,,n,7.1,0.7,,,20,,,,,,y,,,,13.96,0.12,1.22,100,,,,,,,,
Rahn. unpubl.,MRP284,,8.4016988812,46.7842972321,673540.012356,181909.40764,1905,,,,Tr√ºebsee,outcrop,Taveyannaz sandstone,autochthonous cover. Aar massif,,,,n,11.3,2,,,17,,,,,,y,,,,13.27,0.35,1.61,21,,,,,,,,
Rahn. unpubl.,MRP289,,8.5799245124,46.6411417916,687379.982916,166179.395619,1615,,,,B√§zberg,outcrop,leucogratic bi gneis,Aar massif,,,,n,,,,,,,,,,,,,,,13.19,0.57,1.51,7,,,,,,,,
Rahn. unpubl.,MRP292,,8.5691191634,46.5804331974,686649.977427,159419.388635,2380,,,,Blauberg,outcrop,two-mica granitic gneis,Gotthard massif,,,,n,,,,,,,,,,,,,,,14.18,0.17,1.72,100,,,,,,,,
Rahn. unpubl.,MRP294,,8.5814842687,46.5543097059,687639.975736,156529.390083,2140,,,,Alpe della Sella,outcrop,leucocratic ms gneis,Gotthard massif,,,,n,,,,,,,,,,,,,,,14.16,0.11,1.12,100,,,,,,,,
Rahn. unpubl.,MRP297,,8.8196656459,46.8626893654,705299.985864,191099.503705,1360,,,,√Ñsch. Sch√§chental,outcrop,Taveyannaz sandstone,Northhelvetic flysch,,,,n,,,,,,,,,,,,,,,13.68,0.24,1.78,54,,,,,,,,
Rahn. unpubl.,MRP299,,8.2484321682,46.8600619975,661750.049365,190199.436629,670,,,,Sachseln,outcrop,coarse sandstone,Obwalden flysch,,,,n,8.2,1,,,20,,,,,,y,,,,,,,,,,,,,,,
Rahn. unpubl.,MRP309,,7.9633369524,46.538239538,640249.898492,154239.430754,4150,,,,Jungfrau. Summit,outcrop,augen gneiss,Aar massif,,,,n,8.2,0.8,,,20,,,,,,y,,,,14.67,0.13,1.31,100,,,,,,,,
Rahn. unpubl.,MRP310,,9.21902714,46.2188173258,737369.903226,120154.783471,2290,,,,Sass del Vacca = Mu 1053,outcrop,paragneiss,Adula nappe,,,,n,11.2,2,,,20,,,,,,y,,,,13.93,0.13,1.34,100,,,,,,,,
Rahn. unpubl.,MRP311,,9.203575621,46.2100168415,736199.915789,119149.782315,2280,,,,Cima della Stagn = OJ 28,outcrop,orthogneiss,Adula nappe,,,,n,8.1,1.1,,,20,,,,,,y,,,,14.28,0.13,1.3,100,,,,,,,,
Rahn. unpubl.. Michalski & Soom. 1990,KAW 2408,,8.3033144648,46.6435765871,666199.981412,166179.377728,1140,,,,Tschingelbr√ºcke,outcrop,granite,Aar massif,,,,n,3.7,1.1,,,20,,,,,,y,,,,11.82,,,1,15.5,2,4,Michalski & Soom. 1990,,,,
Rahn. unpubl.. Michalski & Soom. 1990. Soom. 1990,KAW 0089,,7.7249551669,46.4487728816,621999.764166,144199.53899,1680,,,,Gastere,outcrop,bt granite,Gastern granite,,,,n,5,0.5,,,40,,,,,,y,,,,14.38,,1.27,100,,,,,,,,
Rahn. unpubl.. sample M. Weil,MWeil 1,,7.0948000097,46.1810365793,573449.014786,114455.184626,2130,,,,Lac de Fully,outcrop,Carboniferous sandstone,Synclinal de Dor√©naz,,,,n,6.2,0.4,,,40,,,,,,y,,,,14.02,0.18,1.8,100,106,11,20,Rahn. unpubl.,,,,
Rahn. unpubl.. Soom. 1990,KAW 2983,,9.2176706047,46.780261373,735849.966475,182549.627589,710,,,,Ilanz,outcrop,Verrucano,Glarus nappe ???,,,,n,3.1,0.5,,,36,,,,,,y,,,,14.01,,2.01,3,19.2,1.7,9,Michalski & Soom. 1990,,,,
Rahn. unpubl.. Soom. 1990. Michalski & Soom. 1990 (ap=3.0 +/- 0.7Ma),KAW 2664,,7.7266732826,46.4046896933,622149.725772,139299.538487,1220,,,,L√∂tscbergtunnel-3,outcrop,granite,Gastern massif,,,,n,3.8,0.5,,,40,,,,,,y,,,,13.61,,1.44,34,12.9,1.2,12,Soom 1990,,,,
von Hagke et al 2012,E05,,8.007584,46.843457,643398.254246,188192.264375,1140,,,,,outcrop,,,Globigerinenschiefer,38,35,y,10.2,2.75,,,15,1.24,0.36,34.6,,,y,,,,,,,,,,,,10.01,7.22,,von_Hagke_etal2012
von Hagke et al 2012,E10,,8.0138364263,46.901394607,643827.992833,194636.450026,845,,,,,outcrop,,,Hilfernschichten,35,31,y,12.3,2.25,,,34,1.4,0.43,24.6,,,y,,,,,,,,,,,,6.65,1.91,,von_Hagke_etal2012
von Hagke et al 2012,E20,,8.0267950754,46.9221108772,644798.119825,196946.726875,820,,,,,outcrop,,,USM-I,31,28,y,8.6,0.9,,,32,1.26,0.33,0,,,y,,,,,,,,,,,,,,,
von Hagke et al 2012,E30,,8.0166017043,46.9266609993,644018.019475,197446.786912,800,,,,,outcrop,,,UMM,31,30,y,10.3,1.11,,,32,1.4,0.42,12.6,,,y,,,,,,,,,,,,6.3,0.39,,von_Hagke_etal2012
von Hagke et al 2012,E35,,8.0160803073,46.9270234884,643978.014339,197486.791713,785,,,,,outcrop,,,UMM,31,30,y,11,1.76,,,19,1.24,0.34,14.2,,,y,,,,,,,,,,,,5.95,0.11,,von_Hagke_etal2012
von Hagke et al 2012,E40,,8.0090026037,46.9283184367,643437.944697,197626.808548,772,,,,,outcrop,,,USM-I,25.5,24.5,y,10.3,1.91,,,19,1.23,0.35,14.4,,,y,,,,,,,,,,,,5.37,2.35,,von_Hagke_etal2012
von Hagke et al 2012,E45,,8.0135039814,46.9317146311,643777.988903,198006.854111,758,,,,,outcrop,,,USM-I,25.5,24.5,y,12.1,1.76,,,27,1.32,0.41,23,,,y,,,,,,,,,,,,8.92,0.78,,von_Hagke_etal2012
von Hagke et al 2012,E50,,8.0096205023,46.9370419831,643477.950595,198596.924928,745,,,,,outcrop,,,USM-I,23,22,y,8.08,1.49,,,24,1.18,0.34,30.1,,,y,,,,,,,,,,,,8.53,2.29,,von_Hagke_etal2012
von Hagke et al 2012,E55,,7.9668878978,46.932478683,640227.530409,198066.861508,800,,,,,outcrop,,,USM-I,19.5,18.5,y,24.4,3.23,,,27,1.26,0.37,13.9,,,n,,,,,,,,,,,,9.05,3.92,,von_Hagke_etal2012
von Hagke et al 2012,E60,,7.9547234126,46.9376620681,639297.410651,198636.929934,970,,,,,outcrop,,,OMM,17.5,16.5,y,23.2,3.92,,,23,1.25,0.38,17.7,,,n,,,,,,,,,,,,11.68,28.8,,von_Hagke_etal2012
von Hagke et al 2012,E65,,7.9988349236,46.986035956,642617.843508,204037.578446,773,,,,,outcrop,,,OSM,17,16,y,15.8,1.64,,,55,1.3,0.38,16.1,,,n,,,,,,,,,,,,14.8,1.92,,von_Hagke_etal2012
von Hagke et al 2012,E70b,,7.939145,47.001901,638065.71406,205770.623072,1325,,,,,outcrop,,,OSM,17,16,y,21.9,1.24,,,40,1.42,0.39,6.26,,,n,,,,,,,,,,,,21.31,1.32,,von_Hagke_etal2012
von Hagke et al 2012,MRP198,,8.1409348657,46.9939071342,653420.118605,204999.500625,740,,,,Fischenbach,outcrop,,,Flysch,,,n,26.9,1.2,,,40,,,,,,n,,,,,,,,,,,,,,,
von Hagke et al 2012,RH05,,8.602992,47.023616,688515.066932,208719.877088,620,,,,,outcrop,,,Flysch,37,35,n,14.5,3.5,,,37,1.28,0.4,31.4,,,y,,,,,,,,,,,,3.57,0.4,,von_Hagke_etal2012
von Hagke et al 2012,RH10,,8.4971291788,47.0083320881,680490.769997,206906.9045,665,,,,,outcrop,,,USM-I,26,23.03,y,9.11,1.75,,,39,1.18,0.33,0,,,y,,,,,,,,,,,,,,,
von Hagke et al 2012,RH15,,8.4514924324,47.0329457547,676985.32021,209597.232838,630,,,,,outcrop,,,USM-I,28.4,23.03,y,6.98,2.52,,,16,1.32,0.36,25.2,,,y,,,,,,,,,,,,,,,
von Hagke et al 2012,RH25,,8.4261499695,47.0523388194,675032.070689,211728.492031,430,,,,,outcrop,,,UMM,33.9,28.4,y,4.64,3.93,,,6,1.14,0.36,70.1,,,y,,,,,,,,,,,,,,,
von Hagke et al 2012,RH30a,,8.3542405833,47.0417518627,669582.354992,210485.34627,475,,,,,outcrop,,,USM-II,23.5,22.5,y,16.5,1.35,,,26,1.29,0.36,5.7,,,y,,,,,,,,,,,,,,,
von Hagke et al 2012,RH30b,,8.3542405833,47.0417518627,669582.354992,210485.34627,475,,,,,outcrop,,,USM-II,23.5,22.5,y,8.72,1.02,,,25,1.17,0.34,16,,,y,,,,,,,,,,,,,,,
von Hagke et al 2012,RH35,,8.4087625296,47.0735394534,673681.90004,214068.776065,562,,,,,outcrop,,,USM-II,23.5,22.5,y,17.7,5.15,,,11,1.4,0.43,17.6,,,y,,,,,,,,,,,,8.08,1.27,,von_Hagke_etal2012
von Hagke et al 2012,RH40,,8.4009697882,47.0795878233,673081.823056,214733.856996,550,,,,,outcrop,,,USM-II,22.5,21.5,y,13,5.35,,,13,1.28,0.38,10.4,,,y,,,,,,,,,,,,,,,
von Hagke et al 2012,RH45,,8.4167045944,47.0902060161,674261.980946,215929.000681,535,,,,,outcrop,,,USM-II,22.5,21.5,y,22.8,2.93,,,40,1.25,0.36,19.4,,,n,,,,,,,,,,,,9.86,2.98,,von_Hagke_etal2012
von Hagke et al 2012,RH50,,8.4139814419,47.1070529819,674031.955478,217799.227412,740,,,,,outcrop,,,OMM,20.43,19,y,49.8,9.62,,,27,1.38,0.36,20.3,,,n,,,,,,,,,,,,,,,
von Hagke et al 2012,RH60c,,8.3385145565,47.0857618908,668331.202088,215363.936509,465,,,,,outcrop,,,OMM,20.43,15.97,y,3.79,1.83,,,6,1.16,0.31,0,,,v,,,,,,,,,,,,7.69,3.77,,von_Hagke_etal2012
von Hagke et al 2012,RH65,,8.380851,47.130224,671486.457694,220344.347073,440,,,,,outcrop,,,OSM,17,15,y,27.4,4.83,,,16,1.29,0.4,9.1,,,n,,,,,,,,,,,,,,,
von Hagke et al 2012,RH70,,8.247937,47.082715,661457.094976,214950.336275,523,,,,,outcrop,,,OSM,17,15,y,12.2,1.43,,,34,1.39,0.39,16.9,,,y,,,,,,,,,,,,,,,
von Hagke et al 2012,RV15,,8.4661409761,47.0440706389,678082.46765,210848.382739,1405,,,,,outcrop,,,USM-II,26.5,25.5,y,27.9,12.8,,,12,1.1,0.33,22.4,,,n,,,,,,,,,,,,,,,
von Hagke et al 2012,RV20,,8.4613497836,47.0426739274,677720.419733,210688.363795,1315,,,,,outcrop,,,USM-II,28.4,23.03,y,17.6,7.3,,,21,1.18,0.37,32.2,,,n,,,,,,,,,,,,,,,
von Hagke et al 2012,RV25,,8.4624946317,47.0426637214,677807.43113,210688.363705,1335,,,,,outcrop,,,USM-II,25,23.03,y,17.1,6.15,,,18,1.24,0.35,0,,,y,,,,,,,,,,,,,,,
von Hagke et al 2012,RV30a,,8.4510983427,47.0420450577,676942.317599,210608.35493,1040,,,,,outcrop,,,USM-II,28.4,25,y,15.6,4.46,,,30,1.23,0.35,36.1,,,n,,,,,,,,,,,,,,,
von Hagke et al 2012,RV30b,,8.4510983427,47.0420450577,676942.317599,210608.35493,1040,,,,,outcrop,,,USM-II,28.4,25,y,17.5,4.82,,,27,1.5,0.45,39.8,,,n,,,,,,,,,,,,,,,
von Hagke et al 2012,RV30c,,8.4508419527,47.042407193,676922.315099,210648.35978,1040,,,,,outcrop,,,USM-II,28.4,25,y,23,3.61,,,27,1.39,0.42,19.7,,,n,,,,,,,,,,,,,,,
von_Hagke_etal2014,B10,,9.83438,47.40654,780803.980117,253396.430669,1005,,,,,outcrop,,,Flysch,95,93,n,18.6,1.74,,,,,,,,,y,,,,,,,,,,,,,,,
von_Hagke_etal2014,B25,,9.89256,47.43156,785106.319292,256312.620337,520,,,,,outcrop,,,UMM,37,23.03,y,23.5,9.65,,,,,,,,,n,,,,,,,,,,,,7.63,0.57,y,von_Hagke_etal2014
von_Hagke_etal2014,B30,,9.87793,47.46024,783903.951606,259465.441045,494,,,,,outcrop,,,USM,28.4,23.03,y,96.4,17.7,,,,,,,,,n,,,,,,,,,,,,,,,
von_Hagke_etal2014,B55,,9.83029,47.51075,780142.191841,264968.255144,640,,,,,outcrop,,,USM,23.03,20.43,y,23.5,3.77,,,,,,,,,n,,,,,,,,,,,,8.56,2.53,y,von_Hagke_etal2014
von_Hagke_etal2014,B60,,9.78322,47.53855,776505.524668,267950.863932,760,,,,,outcrop,,,OSM,18,16,y,55.4,10.8,,,,,,,,,n,,,,,,,,,,,,10.82,17.65,y,von_Hagke_etal2014
von_Hagke_etal2014,B15,,9.886282,47.426613,784650.067288,255748.063551,560,,,,,outcrop,,,Flysch,95,93,n,,,,,,,,,,,,,,,,,,,,,,,4.97,0.54,y,von_Hagke_etal2014
von_Hagke_etal2014,B35,,9.86446,47.468586,782860.052019,260361.459477,480,,,,,outcrop,,,USM,28.4,23.03,y,,,,,,,,,,,,,,,,,,,,,,,4.36,1.46,y,von_Hagke_etal2014
von_Hagke_etal2014,B40,,9.857165,47.475315,782287.262375,261092.293381,475,,,,,outcrop,,,USM,28.4,23.03,y,,,,,,,,,,,,,,,,,,,,,,,9.14,0.73,y,von_Hagke_etal2014
von_Hagke_etal2014,B45,,9.844155,47.480881,781288.019482,261680.712107,460,,,,,outcrop,,,USM,28.4,23.03,y,,,,,,,,,,,,,,,,,,,,,,,7.19,2.01,y,von_Hagke_etal2014
,B50,,9.844127,47.483068,781278.454227,261923.697405,460,,,,,outcrop,,,USM,23.03,20.43,y,,,,,,,,,,,,,,,,,,,,,,,,,,
von_Hagke_etal2012,RH12,,,,,,,,,,,outcrop,,,USM-I,,,y,,,,,,,,,,,,,,,,,,,,,,,4.29,0.35,y,von_Hagke_etal2012
von_Hagke_etal2012,RH17,,,,,,,,,,,outcrop,,,USM-I,28.4,25,y,,,,,,,,,,,,,,,,,,,,,,,3.59,1.89,y,von_Hagke_etal2012
von_Hagke_etal2012,RH23,,,,,,,,,,,outcrop,,,UMM,33.9,28.4,y,,,,,,,,,,,,,,,,,,,,,,,5.8,0.51,y,von_Hagke_etal2012
This_Study,S1,,8.481814,47.055166,679256.715526,212097.930261,1750,,,,,outcrop,,,USM-I,,,y,,,,,,,,,,,,,,,,,,,,,,,10.2,2.24,n,This_Study
This_Study,S2,,8.46024,47.041345,677638.01809,210538.981632,1215,,,,,outcrop,,,USM-I,26,23.03,y,,,,,,,,,,,,,,,,,,,,,,,15.75,0.51,n,This_Study
This_Study,S20,,8.418922,47.043594,674494.912048,210749.050223,440,,,,,outcrop,,,USM-II,23.03,20.43,y,,,,,,,,,,,,,,,,,,,,,,,4.69,0.3,y,This_Study
This_Study,S3,,8.450385,47.031618,676903.431498,209448.776829,630,,,,,outcrop,,,USM-I,28.4,23.03,y,,,,,,,,,,,,,,,,,,,,,,,6.25,5.84,n,This_Study
This_Study,S31,,8.496015,47.007007,680407.650341,206758.791478,665,,,,,outcrop,,,USM-I,26,23.03,y,,,,,,,,,,,,,,,,,,,,,,,9.76,5.53,y,This_Study
This_Study,S64,,8.353148,47.040422,669501.204351,210336.323343,475,,,,,outcrop,,,USM,23.03,20.43,y,,,,,,,,,,,,,,,,,,,,,,,5.92,0.42,y,This_Study
This_Study,S7,,8.399869,47.078254,673000.128854,214584.114097,550,,,,,outcrop,,,USM,23.03,20.43,y,,,,,,,,,,,,,,,,,,,,,,,15.53,2.25,y,This_Study
